index,axis-0,axis-1,axis-2
0,0.0,241.98516704514623,222.9644610248506
1,0.0,239.93857775628567,141.93971654772758
2,0.0,236.99077050294727,192.0174189656973
3,0.0,236.89858663082123,28.95725652202964
4,0.0,229.03037903271616,215.00211926782504
5,0.0,220.08967962116003,204.8799756988883
6,0.0,207.99601146485656,51.99193904455751
7,0.0,206.01122114993632,240.00659697921947
8,0.0,205.0846182256937,168.0252362638712
9,0.0,202.00292832194827,154.99655008036643
10,0.0,201.01871580258012,18.932009249925613
11,0.0,191.99709655856714,240.9658699221909
12,0.0,191.99185545369983,80.03568288311362
13,0.0,191.0004207965394,112.96697937697172
14,0.0,188.00088090042118,138.998428156483
15,0.0,173.10667691379786,24.039979431778193
16,0.0,171.00834054499865,58.00013498785847
17,0.0,169.02320584096014,224.99733058386482
18,0.0,158.94221276789904,141.96063870936632
19,0.0,157.89327101409435,53.92463108152151
20,0.0,151.207067579031,200.5067679286003
21,0.0,150.03671823441982,197.05046026408672
22,0.0,147.9762997366488,8.973205674439669
23,0.0,140.95177835598588,76.91205437481403
24,0.0,135.98721547424793,35.99376389104873
25,0.0,133.99474298022687,202.98994805756956
26,0.0,129.9997939638415,114.97846006043255
27,0.0,129.95497553795576,33.82897201180458
28,0.0,121.99663499556482,138.97932827100158
29,0.0,121.9795436244458,56.9931331910193
30,0.0,119.9894751328975,104.99629250960425
31,0.0,119.01385884080082,236.99225712334737
32,0.0,110.97576330974698,69.95894058793783
33,0.0,98.99787279660814,218.98986388742924
34,0.0,98.97556579299271,152.9856252167374
35,0.0,77.0076797134243,23.003632850712165
36,0.0,69.95155373588204,153.94752901419997
37,0.0,67.9757801797241,20.978858986869454
38,0.0,67.03832951188087,196.9694323502481
39,0.0,54.01275790575892,119.00534404115751
40,0.0,37.00808937381953,238.99943775008433
41,0.0,35.98530114069581,178.00983576383442
42,0.0,35.0037534320727,167.977891523391
43,0.0,34.02162781357765,69.01423553097993
44,0.0,28.9530736990273,116.9916106890887
45,0.0,24.99110230524093,156.0100363343954
46,0.0,19.005462957546115,238.95327695086598
47,0.0,17.983206102624536,99.99572504591197
48,0.0,14.012329638004303,224.00534829031676
49,0.0,8.99613566393964,76.00256411544979
50,1.0,240.97115737572312,62.98756673093885
51,1.0,239.99832450738177,48.98914065491408
52,1.0,238.9156797155738,235.97809825837612
53,1.0,238.99501143908128,218.00287185283378
54,1.0,236.98876853194088,135.9931759960018
55,1.0,225.00148578430526,85.942173153162
56,1.0,223.99207410216331,240.98650840576738
57,1.0,222.98425368778408,12.994597949553281
58,1.0,218.99869676784147,156.00001172157044
59,1.0,214.9923498276621,25.94281142205
60,1.0,204.95680648833513,34.993625508155674
61,1.0,202.9857627907768,120.98901774268597
62,1.0,200.62191772460938,103.38590395450592
63,1.0,196.9007495418191,187.9526839070022
64,1.0,197.06303093582392,104.98410821333528
65,1.0,191.95741418004036,17.97329836897552
66,1.0,178.0228156298399,218.9837249685079
67,1.0,167.93734312802553,219.92023398727179
68,1.0,167.86598137021065,49.79161350429058
69,1.0,155.99513081507757,229.98548494372517
70,1.0,154.99356605065987,52.98371882364154
71,1.0,153.93638962507248,184.9892137926072
72,1.0,152.96239902079105,156.01278587710112
73,1.0,141.91868326067924,95.97736798785627
74,1.0,141.93640440702438,14.99586693989113
75,1.0,139.00812547653913,132.9940243223682
76,1.0,139.10685190558434,66.94894415512681
77,1.0,119.020114088431,200.9856430431828
78,1.0,117.00283839483745,226.00606809044257
79,1.0,114.97396212257445,124.95087910443544
80,1.0,112.95248929783702,63.965785536915064
81,1.0,105.00160071789287,134.9991042620386
82,1.0,99.98752068635076,236.97414809651673
83,1.0,80.05373411625624,62.97725161537528
84,1.0,76.95681421086192,114.00896426197141
85,1.0,76.00517639704049,246.00281986687332
86,1.0,69.97557821311057,143.99259527539834
87,1.0,69.01012068428099,220.9932163883932
88,1.0,57.99922321998747,84.00055888231145
89,1.0,57.01071560848504,132.98418752104044
90,1.0,53.986578739248216,96.97622770443559
91,1.0,51.998514486826025,46.9939801953733
92,1.0,36.001053335145116,119.0111755989492
93,1.0,33.97518365457654,124.96140271797776
94,1.0,28.975714456290007,18.0181354470551
95,1.0,23.99475765787065,81.89019978791475
96,1.0,23.00857236608863,177.98236739635468
97,1.0,21.013247919268906,186.96845127642155
98,1.0,18.9710400570184,54.00100764876697
99,1.0,9.015730064362288,106.99320640275255
