area,intensity_mean,intensity_std,intensity_max,intensity_min,perimeter,cell_id,image_id,condition
4669.0,771.7297065752838,522.3467546798653,3509.0,141.0,505.20919882223956,2,F01_202,control
7866.0,276.04614797864224,125.95031299500513,1069.0,117.0,515.445742854949,3,F01_202,control
6945.0,428.92210223182144,254.124969075177,1445.0,123.0,453.5462479183373,4,F01_202,control
9735.0,489.90734463276834,267.6620757456812,1934.0,132.0,577.3635277547903,5,F01_202,control
7749.0,313.54006968641113,125.6739697712686,1243.0,124.0,493.28636328851496,6,F01_202,control
6557.0,531.8506939149001,310.2263581549594,2414.0,129.0,505.6234123846127,7,F01_202,control
6720.0,607.3290178571428,376.9079221467911,2428.0,138.0,747.239682094289,8,F01_202,control
8249.0,520.0386713541035,415.61167244175334,2463.0,130.0,818.1808075912434,10,F01_202,control
17915.0,387.32397432319283,177.18596118902857,1312.0,113.0,674.1980515339465,11,F01_202,control
5667.0,550.8673019234162,399.25952730634,2585.0,130.0,349.84776310850236,12,F01_202,control
9685.0,370.84068146618483,137.83219997771636,1082.0,132.0,747.796031280393,13,F01_202,control
7023.0,524.7209169870425,343.36964393091637,2445.0,133.0,522.2152954766495,15,F01_202,control
8885.0,415.33359594822736,192.76623192679776,1760.0,144.0,562.0142853498728,16,F01_202,control
5130.0,650.7890838206628,387.12974886197577,2808.0,151.0,305.4213562373095,17,F01_202,control
4424.0,1134.4708408679928,879.6262327126944,4095.0,141.0,545.9371208835976,19,F01_202,control
5283.0,732.1796327844028,468.19416321720445,2493.0,145.0,593.405158315133,20,F01_202,control
3591.0,800.3625730994152,471.90985961605764,2554.0,159.0,464.3919189857866,21,F01_202,control
12061.0,301.98126191858057,110.14735770029614,1173.0,107.0,506.45793616376875,22,F01_202,control
11099.0,403.3398504369763,231.00339856598669,2197.0,136.0,578.5584412271571,23,F01_202,control
8175.0,509.3776146788991,182.48595180432667,1226.0,165.0,418.6761902332485,24,F01_202,control
6031.0,601.1464102138949,418.2658056210735,2730.0,150.0,592.1147904132612,25,F01_202,control
5998.0,482.1077025675225,239.93996360076093,1718.0,157.0,506.9432175380074,26,F01_202,control
1666.0,781.2262905162065,457.22950707707173,2173.0,181.0,217.18986283848344,27,F01_202,control
4781.0,533.8291152478561,308.51002199649406,2071.0,141.0,355.1553749530772,28,F01_202,control
5855.0,583.1144321093083,299.1944343324637,1785.0,144.0,475.0548698896889,29,F01_202,control
9296.0,491.4100688468158,257.5253059807466,1909.0,129.0,513.1025971044414,30,F01_202,control
4468.0,725.0810205908684,537.681609024941,2920.0,159.0,598.842712474619,31,F01_202,control
7140.0,429.24187675070027,168.7332949627038,1367.0,129.0,555.8071785686863,32,F01_202,control
5776.0,710.6513157894736,343.008433242212,1736.0,150.0,458.13203435596427,33,F01_202,control
5380.0,578.3526022304833,259.5639896155172,1473.0,127.0,430.3746750430836,34,F01_202,control
5296.0,653.7046827794562,351.8144922497133,2581.0,144.0,398.9188309203679,35,F01_202,control
1537.0,295.69486011711126,94.8833955121412,559.0,111.0,272.7523086789974,36,F01_202,control
1799.0,737.7443023902168,437.4175963873582,2118.0,157.0,206.65180361560905,38,F01_202,control
6347.0,567.3626910351347,304.71738891913515,1869.0,148.0,559.7716446627536,39,F01_202,control
4420.0,678.8796380090498,372.5993262355438,1938.0,147.0,326.14927829866735,40,F01_202,control
1146.0,1377.995636998255,622.5753996530987,2927.0,191.0,128.3259018078045,41,F01_202,control
7342.0,891.3057749931899,496.56129469223237,3153.0,148.0,490.84271247461896,42,F01_202,control
1493.0,1153.0281312793034,600.8488987047181,3170.0,181.0,172.8111831820431,43,F01_202,control
4633.0,580.5132743362832,289.1078238074283,2150.0,124.0,439.0609665440988,45,F01_202,control
4383.0,886.05247547342,673.1159823515984,3208.0,145.0,454.4751801064719,46,F01_202,control
6771.0,636.9772559444691,395.2329446842571,3369.0,136.0,583.9676041556469,47,F01_202,control
3487.0,904.4568396902782,556.3365981619093,2871.0,144.0,421.1198410471445,48,F01_202,control
3435.0,512.7510917030568,359.325305891033,1930.0,136.0,308.04877323527904,49,F01_202,control
3970.0,413.35994962216625,250.60810707755437,1327.0,139.0,317.1848122046001,50,F01_202,control
4336.0,685.3459409594096,348.49138994713775,2080.0,133.0,331.7766952966369,51,F01_202,control
3533.0,583.0045287291254,364.0195840211892,2028.0,126.0,304.1137443927346,52,F01_202,control
4712.0,639.3786078098472,363.0717523001005,1977.0,136.0,588.0731598529186,53,F01_202,control
9925.0,388.63455919395466,164.27072069361185,1348.0,124.0,488.17366491630685,54,F01_202,control
3105.0,618.8702093397745,291.7523405954978,2001.0,136.0,277.2081528017131,55,F01_202,control
5283.0,746.8419458640924,464.46445727289847,2709.0,148.0,722.2813126546316,56,F01_202,control
3951.0,622.4095165780815,273.03230057211454,1424.0,123.0,281.651803615609,57,F01_202,control
6008.0,520.7757989347537,299.79522777289225,1607.0,148.0,470.611219075793,58,F01_202,control
4147.0,427.87412587412587,333.2576615595107,1781.0,96.0,343.26197667087547,59,F01_202,control
7619.0,340.75534847092797,147.0355231484388,1040.0,130.0,442.0376259469858,60,F01_202,control
9089.0,565.9597315436241,299.9763916448363,1818.0,139.0,593.564537881567,61,F01_202,control
3021.0,750.8298576630255,381.2494921814228,1833.0,121.0,353.1787155501902,62,F01_202,control
8045.0,526.5996270975761,460.82320662989775,2573.0,127.0,726.2152954766494,64,F01_202,control
5224.0,591.6416539050535,302.0848736678968,1842.0,130.0,408.16756826189703,65,F01_202,control
3173.0,600.9930664985818,277.22849902289886,1678.0,136.0,358.8061325481598,66,F01_202,control
2997.0,1139.016016016016,654.0726928239004,3095.0,165.0,238.10764773832472,67,F01_202,control
3683.0,572.282106978007,338.88318353092853,1701.0,132.0,303.94826817189073,68,F01_202,control
4577.0,547.7920034957396,301.45981651236497,1641.0,156.0,347.3624817342638,69,F01_202,control
11277.0,463.25866808548375,235.90889189078808,1494.0,114.0,600.9137802864846,70,F01_202,control
3652.0,651.4759036144578,380.6784019292102,1739.0,153.0,359.33304448274095,71,F01_202,control
10223.0,390.00870585933677,164.39906076732188,1357.0,136.0,755.4112549695428,72,F01_202,control
4022.0,613.1315266036797,335.67050225206685,1820.0,142.0,413.0548698896889,73,F01_202,control
3982.0,533.2255148166751,165.0533508011021,1125.0,130.0,348.9188309203679,74,F01_202,control
4145.0,727.309047044632,432.53188817110106,2691.0,162.0,346.0548698896889,75,F01_202,control
2898.0,561.1483781918564,250.23858194570064,1353.0,172.0,311.4629867976521,76,F01_202,control
8190.0,490.27130647130645,225.86742066168807,1723.0,139.0,487.8305191657993,77,F01_202,control
4238.0,565.647711184521,311.3514199566357,1863.0,144.0,337.26197667087547,78,F01_202,control
6388.0,706.8616155291171,331.3017274903519,1762.0,147.0,418.8183258569795,79,F01_202,control
9504.0,308.166351010101,106.67037655275759,1124.0,159.0,416.3330444827409,80,F01_202,control
2878.0,1134.4447533009034,716.9934589127148,3076.0,182.0,245.94217151748083,81,F01_202,control
1881.0,732.437533227007,226.54591599095735,1388.0,196.0,232.24978336205572,83,F01_202,control
4198.0,704.4480705097666,275.07898132965283,1605.0,162.0,472.6173157302028,85,F01_202,control
441.0,660.780045351474,217.49546175263325,1159.0,288.0,98.28427124746189,90,F01_202,control
7843.0,382.8347571082494,173.93494698928617,1013.0,113.0,479.5046173579947,1,F02_92,drug
9839.0,802.8478503913,709.8284779148781,4095.0,128.0,598.848809129029,2,F02_92,drug
6236.0,466.3351507376523,239.02828848576343,1205.0,98.0,541.1025971044414,3,F02_92,drug
3247.0,720.4545734524177,410.33004175028617,2328.0,174.0,261.72287142747456,4,F02_92,drug
12932.0,253.93156510980512,110.81402762772602,725.0,80.0,656.9259735953043,5,F02_92,drug
8507.0,441.1221347125896,152.61612987005242,999.0,139.0,489.6000717874997,6,F02_92,drug
3942.0,995.742262810756,432.94252431527315,2316.0,184.0,333.5218613006978,7,F02_92,drug
2490.0,1217.316465863454,447.0753890160082,2848.0,202.0,205.4386001800126,8,F02_92,drug
4089.0,599.5886524822695,278.4264681107928,1639.0,164.0,384.4041122946064,9,F02_92,drug
6690.0,609.7881913303438,326.1004368257187,2498.0,139.0,484.6173157302028,10,F02_92,drug
4784.0,596.2111204013378,331.91278230927344,1822.0,128.0,493.78888860545663,11,F02_92,drug
7501.0,427.8236235168644,149.57182618961505,934.0,129.0,475.42240225783604,12,F02_92,drug
2825.0,1123.3571681415929,458.2833333974264,2789.0,199.0,267.4213562373095,13,F02_92,drug
2641.0,936.8962514199167,562.5547198165856,2682.0,133.0,272.8772003600252,14,F02_92,drug
5571.0,596.48070364387,234.7327489152855,1536.0,157.0,328.88939366884495,15,F02_92,drug
6993.0,421.37666237666235,212.26948175828002,1599.0,121.0,547.3158005400378,16,F02_92,drug
8790.0,307.64459613196817,165.8286832438348,1303.0,111.0,601.7716446627535,17,F02_92,drug
8328.0,528.131484149856,281.94919802537777,1636.0,112.0,726.239682094289,18,F02_92,drug
9820.0,271.1622199592668,87.29289285464932,674.0,129.0,411.9310242291875,19,F02_92,drug
3683.0,615.4623947868586,266.6608493276179,1874.0,135.0,319.36857838867365,20,F02_92,drug
4401.0,491.8425357873211,255.78606711165529,1518.0,120.0,381.3269478283311,21,F02_92,drug
4211.0,559.3281880788411,302.22785632993754,1502.0,123.0,344.8061325481598,22,F02_92,drug
5228.0,401.07631981637337,168.9040263361017,901.0,125.0,388.8772003600252,23,F02_92,drug
12354.0,340.16027197668774,124.74847826067486,942.0,118.0,540.8599564173221,24,F02_92,drug
6593.0,389.4985590778098,195.5782212424116,1438.0,105.0,517.0020920410531,25,F02_92,drug
1554.0,227.61454311454312,146.8473631931677,710.0,86.0,376.6173157302028,26,F02_92,drug
5375.0,551.2461395348837,295.14628847636874,1689.0,128.0,435.1198410471445,27,F02_92,drug
3863.0,238.7608076624385,84.69714129341834,574.0,117.0,354.19090885900994,28,F02_92,drug
5085.0,478.14670599803344,193.96869181288983,1176.0,107.0,413.38077169749346,29,F02_92,drug
2998.0,815.4899933288859,412.0107607550057,2429.0,186.0,242.16652224137044,30,F02_92,drug
4420.0,888.3488687782806,421.72092003974956,2393.0,180.0,383.60512242138304,31,F02_92,drug
6506.0,408.0078389179219,197.1491586262438,1312.0,118.0,410.81832585697947,32,F02_92,drug
4619.0,515.3940246806668,317.2521263004362,1643.0,120.0,432.4751801064719,33,F02_92,drug
8465.0,492.0563496751329,204.16615314185273,1209.0,114.0,638.0142853498729,34,F02_92,drug
6649.0,450.2042412392841,245.11592790771843,1769.0,112.0,572.2152954766495,35,F02_92,drug
8103.0,406.1833888683204,153.79820586046117,962.0,112.0,433.00209204105306,36,F02_92,drug
9622.0,355.90688006651425,137.80755010215108,916.0,109.0,458.75945135393374,37,F02_92,drug
7223.0,317.39886473764363,145.37820168234654,1381.0,109.0,455.88939366884495,38,F02_92,drug
5137.0,2359.7609499708,1210.807861924614,4095.0,194.0,274.2497833620557,39,F02_92,drug
5019.0,327.1237298266587,167.99879158984467,1366.0,114.0,420.71782079359116,40,F02_92,drug
905.0,122.36353591160221,26.930633150038826,218.0,73.0,162.50966799187808,41,F02_92,drug
3572.0,856.0635498320269,780.9334743921177,4095.0,131.0,305.63455967290594,42,F02_92,drug
