channel,y,x
1,92,136
1,37,125
1,86,140
1,43,121
1,52,154
1,68,124
1,9,123
1,69,176
1,53,122
1,73,167
1,79,128
1,2,121
1,69,153
1,39,228
1,30,263
1,17,270
1,29,228
1,20,256
1,14,255
1,38,254
1,21,259
1,41,426
1,90,384
1,95,366
1,29,432
1,24,449
1,48,455
1,17,440
1,89,368
1,35,443
1,9,465
1,29,362
1,8,446
1,83,385
1,56,380
1,11,453
1,45,414
1,87,373
1,50,453
1,15,467
1,46,369
1,71,414
1,39,350
1,70,411
1,96,401
1,80,411
1,78,415
1,45,358
1,6,445
1,38,453
1,14,464
1,59,407
1,44,385
1,28,454
1,45,372
1,37,464
1,49,399
1,85,364
1,51,410
1,87,385
1,45,464
1,27,453
1,43,360
1,42,369
1,17,353
1,72,378
1,55,409
1,42,460
1,61,385
1,28,465
1,23,361
1,8,367
1,44,430
1,40,360
1,74,401
1,16,481
1,99,400
1,34,618
1,38,618
1,9,908
1,10,941
1,16,1080
1,108,1075
1,5,1081
1,72,1076
1,59,1077
1,25,1077
1,28,1083
1,4,1097
1,61,1080
1,94,1198
1,78,1193
1,35,1257
1,29,1212
1,26,1216
1,24,1216
1,69,1212
1,3,1378
1,2,691
1,33,664
1,10,710
1,19,791
1,16,799
1,26,795
1,39,789
1,35,777
1,6,760
1,18,779
1,12,776
1,25,778
1,18,787
1,36,788
1,208,1078
1,61,1119
1,169,1060
1,32,1138
1,38,1176
1,190,1086
1,49,911
1,112,926
1,152,886
1,118,903
1,40,943
1,167,879
1,146,879
1,135,949
1,144,852
1,61,939
1,114,909
1,60,916
1,145,864
1,131,890
1,152,852
1,79,929
1,123,900
1,148,852
1,55,832
1,180,881
1,74,921
1,171,850
1,58,905
1,158,895
1,75,932
1,122,865
1,109,929
1,161,850
1,175,890
1,54,829
1,55,900
1,141,890
1,46,849
1,158,856
1,42,846
1,66,925
1,66,930
1,35,918
1,168,879
1,150,876
1,69,937
1,120,906
1,45,852
1,91,939
1,122,917
1,127,947
1,113,935
1,70,928
1,127,884
1,59,870
1,60,838
1,127,932
1,38,942
1,142,891
1,171,874
1,110,925
1,129,930
1,69,932
1,62,876
1,184,868
1,40,917
1,175,893
1,123,870
1,97,941
1,39,819
1,71,1029
1,31,529
1,60,563
1,51,513
1,83,523
1,61,525
1,121,589
1,123,608
1,123,610
1,124,592
1,63,581
1,127,626
1,88,343
1,48,340
1,55,205
1,76,199
1,82,257
1,106,212
1,67,199
1,82,290
1,78,281
1,59,250
1,58,269
1,70,200
1,83,244
1,85,275
1,74,261
1,60,1359
1,126,1294
1,67,1356
1,125,1317
1,124,1304
1,116,1342
1,87,1320
1,117,1324
1,82,1323
1,132,1295
1,112,1293
1,115,1329
1,113,1337
1,85,1309
1,68,694
1,261,627
1,228,624
1,75,694
1,193,991
1,97,959
1,80,952
1,193,968
1,250,991
1,218,821
1,229,939
1,105,952
1,228,743
1,227,743
1,212,760
1,127,775
1,215,769
1,173,725
1,211,708
1,220,700
1,195,712
1,212,758
1,183,696
1,192,683
1,208,729
1,200,712
1,149,754
1,204,683
1,209,755
1,203,765
1,243,715
1,157,736
1,156,780
1,142,772
1,222,695
1,197,687
1,133,741
1,223,700
1,144,743
1,205,702
1,192,790
1,224,704
1,215,703
1,120,747
1,190,709
1,128,771
1,138,758
1,244,747
1,228,741
1,195,723
1,205,698
1,152,776
1,236,746
1,224,721
1,241,739
1,99,310
1,145,338
1,134,378
1,174,255
1,143,313
1,98,308
1,149,273
1,140,325
1,136,301
1,150,332
1,156,267
1,142,357
1,113,317
1,142,329
1,113,350
1,188,195
1,139,208
1,140,217
1,158,236
1,142,215
1,137,210
1,144,224
1,136,204
1,132,246
1,137,234
1,160,239
1,143,239
1,152,220
1,187,189
1,172,176
1,137,237
1,168,235
1,192,197
1,128,1045
1,153,459
1,142,458
1,181,449
1,189,508
1,155,521
1,189,498
1,217,490
1,180,1384
1,163,1353
1,170,1353
1,268,583
1,258,567
1,155,629
1,209,583
1,293,603
1,262,567
1,150,621
1,190,566
1,241,570
1,318,610
1,313,616
1,229,570
1,149,609
1,157,628
1,322,625
1,313,605
1,181,163
1,156,141
1,200,144
1,174,1246
1,263,1303
1,289,1293
1,299,1264
1,254,1224
1,211,1273
1,202,1234
1,206,1247
1,245,1306
1,224,1288
1,233,1217
1,279,1225
1,289,1287
1,206,1248
1,233,1317
1,224,1313
1,226,1263
1,252,1215
1,249,1221
1,236,1280
1,184,1239
1,263,1309
1,292,1294
1,278,1288
1,258,1228
1,227,1285
1,286,1248
1,233,1305
1,218,1300
1,192,1243
1,234,1306
1,238,383
1,264,421
1,180,281
1,229,283
1,211,223
1,246,235
1,267,1371
1,337,1388
1,244,1361
1,298,132
1,357,171
1,439,102
1,235,80
1,252,155
1,240,83
1,260,118
1,286,1133
1,254,1102
1,279,1119
1,265,1147
1,311,1150
1,288,1158
1,290,1170
1,272,340
1,262,291
1,273,301
1,266,407
1,271,266
1,250,371
1,261,264
1,258,402
1,255,312
1,277,404
1,280,398
1,251,363
1,246,327
1,273,355
1,254,311
1,269,268
1,265,243
1,267,258
1,356,460
1,327,347
1,278,473
1,346,1278
1,301,1224
1,301,1235
1,344,1272
1,280,1208
1,351,1286
1,283,1200
1,338,1234
1,259,1199
1,293,1220
1,296,1241
1,333,1228
1,342,1244
1,353,1260
1,282,1208
1,354,1287
1,336,1283
1,354,1256
1,255,1194
1,314,922
1,356,980
1,280,890
1,306,1005
1,301,934
1,277,932
1,293,962
1,285,116
1,276,118
1,270,114
1,290,114
1,301,1065
1,296,538
1,304,478
1,340,526
1,310,535
1,281,509
1,327,491
1,287,507
1,323,524
1,314,482
1,332,493
1,315,535
1,315,296
1,335,253
1,330,248
1,315,245
1,311,308
1,299,303
1,317,302
1,344,268
1,322,244
1,346,263
1,344,263
1,318,247
1,318,65
1,317,55
1,333,103
1,374,71
1,357,37
1,289,1181
1,340,1171
1,330,1179
1,356,1178
1,298,1181
1,295,1176
1,327,1176
1,310,1211
1,294,1180
1,296,1177
1,295,1179
1,345,169
1,355,1119
1,361,1373
1,368,1205
1,369,1208
1,371,1191
1,355,1357
1,370,1352
1,371,1240
1,356,1370
1,378,1378
1,390,1295
1,379,1264
1,373,1259
1,369,1275
1,386,1352
1,378,1363
1,370,1267
1,400,1355
1,383,1155
1,379,1262
1,356,1254
1,350,1333
1,370,1186
1,356,1353
1,376,1276
1,369,1204
1,376,1360
1,397,265
1,442,596
1,372,638
1,419,632
1,388,622
1,429,560
1,446,597
1,370,650
1,407,544
1,379,585
1,425,576
1,344,619
1,436,573
1,399,564
1,414,555
1,374,348
1,369,366
1,419,362
1,419,327
1,357,368
1,375,404
1,419,345
1,382,414
1,387,327
1,373,348
1,371,347
1,361,341
1,364,341
1,423,343
1,382,412
1,379,362
1,376,416
1,377,407
1,371,406
1,419,337
1,436,372
1,377,401
1,382,332
1,386,391
1,365,379
1,391,369
1,391,360
1,366,378
1,378,396
1,361,376
1,399,372
1,369,546
1,416,502
1,429,748
1,424,745
1,511,621
1,613,708
1,467,779
1,674,740
1,478,638
1,522,804
1,606,706
1,623,694
1,502,713
1,482,794
1,692,639
1,501,712
1,550,625
1,509,640
1,603,678
1,642,729
1,641,693
1,516,814
1,480,776
1,564,780
1,464,794
1,474,652
1,581,772
1,513,676
1,576,777
1,548,768
1,682,668
1,636,708
1,554,738
1,500,703
1,646,777
1,557,778
1,456,723
1,479,765
1,486,707
1,454,756
1,472,718
1,649,723
1,633,710
1,584,767
1,608,764
1,558,739
1,528,765
1,449,737
1,590,769
1,634,626
1,694,643
1,595,629
1,463,782
1,635,670
1,594,647
1,506,619
1,628,695
1,613,783
1,558,624
1,483,673
1,586,718
1,611,613
1,613,771
1,496,795
1,588,633
1,610,635
1,680,665
1,661,632
1,432,731
1,677,605
1,472,666
1,604,724
1,407,754
1,557,780
1,445,655
1,490,785
1,377,761
1,600,770
1,506,790
1,435,754
1,652,791
1,623,639
1,397,760
1,715,645
1,592,695
1,577,720
1,484,635
1,614,615
1,656,611
1,604,748
1,484,713
1,600,728
1,548,777
1,625,648
1,590,726
1,521,778
1,614,608
1,622,689
1,573,780
1,636,759
1,440,721
1,448,652
1,499,717
1,605,625
1,549,653
1,613,688
1,651,733
1,427,706
1,460,716
1,475,650
1,581,647
1,471,639
1,665,733
1,452,740
1,491,683
1,523,648
1,537,789
1,428,824
1,595,767
1,492,654
1,650,766
1,626,610
1,401,714
1,493,800
1,552,772
1,617,650
1,617,683
1,650,720
1,656,731
1,464,744
1,420,705
1,531,740
1,493,767
1,578,644
1,581,747
1,562,761
1,612,717
1,589,761
1,485,645
1,670,666
1,503,612
1,505,752
1,491,636
1,589,623
1,494,740
1,479,692
1,558,630
1,550,830
1,488,694
1,661,656
1,422,732
1,486,759
1,467,647
1,639,748
1,468,752
1,552,795
1,619,611
1,598,743
1,409,972
1,403,960
1,403,976
1,417,951
1,429,1001
1,430,1013
1,436,1019
1,401,950
1,424,1020
1,402,1037
1,413,1242
1,518,1206
1,387,1256
1,514,1203
1,502,1210
1,407,1259
1,495,1213
1,488,1217
1,486,1217
1,417,1227
1,385,1260
1,417,1233
1,425,1208
1,472,1381
1,413,1316
1,481,1325
1,449,1292
1,460,1292
1,479,1369
1,468,1349
1,430,1306
1,430,1312
1,458,1341
1,406,1301
1,402,1315
1,482,504
1,477,504
1,416,483
1,417,487
1,465,1096
1,471,1087
1,491,1138
1,467,1162
1,478,254
1,502,292
1,478,340
1,474,347
1,454,288
1,454,304
1,448,358
1,492,258
1,461,336
1,534,268
1,490,265
1,454,285
1,557,270
1,553,259
1,551,261
1,521,297
1,462,345
1,452,231
1,505,290
1,569,280
1,529,280
1,446,235
1,509,321
1,504,315
1,442,342
1,519,297
1,521,1270
1,524,1302
1,504,468
1,500,467
1,489,455
1,535,468
1,496,456
1,531,315
1,558,306
1,532,314
1,525,342
1,510,348
1,543,386
1,536,308
1,565,283
1,556,291
1,547,300
1,555,299
1,541,337
1,538,319
1,543,430
1,504,348
1,537,395
1,556,287
1,534,309
1,546,347
1,545,319
1,554,280
1,550,352
1,537,344
1,538,339
1,569,283
1,545,288
1,540,297
1,498,394
1,553,309
1,553,295
1,519,335
1,505,353
1,545,320
1,537,394
1,535,311
1,529,422
1,498,384
1,522,332
1,527,309
1,544,388
1,520,317
1,530,396
1,518,342
1,544,365
1,547,1207
1,508,1196
1,584,1231
1,529,1247
1,544,1243
1,602,1176
1,540,1229
1,505,1190
1,533,1198
1,492,1176
1,566,1189
1,528,1179
1,542,1197
1,506,1184
1,554,1196
1,522,1187
1,551,1207
1,551,1199
1,555,1202
1,541,1190
1,627,555
1,585,589
1,616,569
1,596,537
1,516,556
1,636,553
1,523,583
1,528,551
1,531,581
1,517,552
1,526,564
1,513,569
1,654,559
1,580,1340
1,561,1341
1,569,1346
1,575,1340
1,632,1335
1,551,1363
1,545,62
1,527,28
1,525,9
1,589,1301
1,560,1309
1,551,1319
1,575,1302
1,572,1301
1,554,1309
1,601,1315
1,553,1328
1,578,1309
1,592,1258
1,568,1317
1,554,1274
1,583,1317
1,554,1253
1,573,1305
1,590,1253
1,562,352
1,619,379
1,581,389
1,577,380
1,603,397
1,563,361
1,571,355
1,616,343
1,622,345
1,580,362
1,607,384
1,573,403
1,599,396
1,564,344
1,629,894
1,592,925
1,638,850
1,644,827
1,680,847
1,671,837
1,623,835
1,634,850
1,631,841
1,676,919
1,642,834
1,586,938
1,621,835
1,692,855
1,647,917
1,614,927
1,624,848
1,628,891
1,657,915
1,635,869
1,672,914
1,697,863
1,709,879
1,621,934
1,636,883
1,618,873
1,621,876
1,692,858
1,577,943
1,624,903
1,657,829
1,677,922
1,717,874
1,595,927
1,613,911
1,658,944
1,695,905
1,641,845
1,590,956
1,688,848
1,725,870
1,629,839
1,663,916
1,700,855
1,592,54
1,653,18
1,587,54
1,596,30
1,650,44
1,635,65
1,605,61
1,665,29
1,591,52
1,596,49
1,635,52
1,638,46
1,634,23
1,642,51
1,629,60
1,706,1223
1,737,1197
1,715,1266
1,659,1218
1,701,1240
1,687,1203
1,680,1267
1,708,1207
1,661,1211
1,639,1175
1,654,1197
1,712,1258
1,690,1267
1,712,1223
1,665,1244
1,645,1190
1,637,1167
1,659,1222
1,640,1170
1,670,1189
1,659,1275
1,701,1214
1,728,1215
1,690,1264
1,701,1251
1,705,1278
1,712,1269
1,635,1177
1,712,1263
1,690,1195
1,645,1185
1,672,207
1,707,301
1,654,213
1,723,236
1,668,235
1,734,271
1,741,297
1,740,278
1,734,298
1,734,10
1,723,15
1,764,1354
1,743,1380
1,738,1308
1,769,1320
1,728,1294
1,781,1280
1,771,603
1,793,599
1,738,594
1,770,602
1,751,577
1,766,596
1,756,551
1,789,538
1,721,601
1,730,597
1,771,577
1,803,559
1,804,555
1,727,604
1,729,594
1,796,575
1,785,536
1,771,593
1,778,536
1,766,527
1,771,379
1,785,449
1,791,440
1,806,419
1,787,8
1,851,21
1,847,26
1,851,60
1,837,65
1,832,107
1,880,112
1,874,1078
1,899,1120
1,860,1160
1,859,1150
1,871,1101
1,791,1118
1,890,1123
1,874,1066
1,805,1147
1,881,1039
1,864,1159
1,887,1127
1,839,1137
1,822,1153
1,844,1179
1,874,1100
1,892,1115
1,877,1065
1,804,1132
1,887,1119
1,876,1050
1,856,1102
1,849,1147
1,787,1124
1,855,1149
1,878,1059
1,881,1086
1,873,1055
1,836,1094
1,829,1075
1,850,1073
1,865,1381
1,834,1377
1,894,1361
1,894,1384
1,835,1358
1,823,1372
1,913,536
1,869,557
1,904,570
1,903,572
1,925,569
1,894,641
1,954,564
1,942,583
1,957,499
1,942,1032
1,883,943
1,925,1014
1,932,1002
1,881,1035
1,863,951
1,868,1022
1,887,1018
1,932,980
1,883,1020
1,924,1040
1,924,974
1,886,1003
1,888,1002
1,883,1016
1,880,972
1,895,979
1,921,952
1,938,1031
1,869,953
1,929,1021
1,910,1302
1,871,1260
1,987,1347
1,995,1361
1,985,1353
1,1036,1374
1,921,1301
1,994,1352
1,926,1279
1,912,1284
1,884,1265
1,910,53
1,959,17
1,955,14
1,884,75
1,967,22
1,966,270
1,931,172
1,937,238
1,933,302
1,937,208
1,954,294
1,984,256
1,936,187
1,991,231
1,913,192
1,964,291
1,1003,288
1,1008,288
1,1006,154
1,1017,140
1,992,119
1,1012,1179
1,1026,1156
1,1023,1101
1,1022,1188
1,987,1117
1,1018,1143
1,1032,1066
1,997,1169
1,1035,1042
1,1027,1145
1,1026,1052
1,1012,1194
1,1006,1182
1,1029,1171
1,996,1115
1,1036,1151
1,1028,1052
1,1021,1195
1,1028,1193
1,997,1100
1,1001,1161
1,1015,1053
1,997,1097
1,1030,1198
1,1009,1058
1,1036,1161
1,1026,1187
1,1019,1197
1,1010,509
1,1010,472
